project_code,band_predictions
2016.1.00485.S,"[1, 10, 9, 5, 4, 8, 7, 6, 3]"
2017.1.00824.S,"[1, 10, 9, 5, 8, 4, 3, 7, 6]"
2015.1.01088.S,"[1, 10, 9, 5, 8, 4, 7, 6, 3]"
2013.1.00781.S,"[1, 10, 9, 5, 8, 4, 7, 3, 6]"
2016.1.00800.S,"[1, 10, 9, 5, 8, 4, 3, 7, 6]"
2015.1.00350.S,"[1, 10, 9, 5, 8, 4, 3, 7, 6]"
2015.1.00340.S,"[1, 10, 9, 5, 8, 4, 7, 3, 6]"
2022.1.00859.S,"[1, 10, 9, 5, 4, 8, 7, 3, 6]"
2012.1.00303.S,"[1, 10, 5, 9, 8, 4, 3, 7, 6]"
2018.1.00589.S,"[1, 10, 9, 5, 8, 4, 7, 6, 3]"
2018.1.01710.S,"[1, 10, 9, 5, 8, 4, 7, 3, 6]"
2019.1.01124.S,"[1, 10, 9, 5, 8, 4, 7, 6, 3]"
2013.1.00527.S,"[1, 10, 9, 5, 8, 4, 3, 6, 7]"
2022.1.00383.S,"[1, 10, 9, 5, 8, 4, 7, 3, 6]"
2018.1.00434.S,"[1, 10, 9, 5, 8, 4, 7, 3, 6]"
2022.1.01595.S,"[1, 10, 9, 8, 5, 4, 3, 7, 6]"
2022.1.00908.S,"[1, 10, 9, 5, 8, 4, 3, 6, 7]"
2019.1.00743.S,"[1, 10, 9, 5, 8, 4, 7, 6, 3]"
2013.1.01091.S,"[1, 10, 9, 5, 8, 4, 7, 3, 6]"
2015.1.00981.S,"[1, 10, 9, 5, 4, 8, 3, 7, 6]"
2021.1.00999.S,"[1, 10, 9, 5, 8, 4, 7, 6, 3]"
2022.1.01437.S,"[1, 10, 5, 9, 8, 4, 3, 7, 6]"
2013.1.01180.S,"[1, 10, 9, 5, 8, 4, 7, 6, 3]"
2013.1.00617.S,"[1, 10, 9, 5, 8, 4, 7, 3, 6]"
2018.1.00124.S,"[1, 10, 9, 5, 8, 4, 3, 6, 7]"
2012.1.00323.S,"[1, 10, 9, 5, 8, 4, 7, 6, 3]"
2015.1.01107.S,"[1, 10, 9, 5, 8, 4, 7, 3, 6]"
2022.1.00963.S,"[1, 10, 9, 5, 8, 4, 3, 7, 6]"
2016.1.00550.S,"[1, 10, 9, 5, 8, 4, 7, 3, 6]"
2022.1.00687.S,"[1, 10, 9, 5, 8, 4, 7, 6, 3]"
2015.1.01147.S,"[1, 10, 9, 5, 8, 4, 7, 6, 3]"
2017.1.01101.S,"[1, 10, 9, 5, 8, 4, 7, 3, 6]"
2013.1.01359.S,"[1, 10, 9, 5, 8, 4, 7, 3, 6]"
2013.1.00305.S,"[1, 10, 5, 9, 8, 4, 3, 7, 6]"
2016.A.00030.T,"[1, 10, 9, 5, 8, 4, 3, 6, 7]"
2022.1.01691.S,"[1, 10, 9, 5, 8, 4, 7, 3, 6]"
2012.1.00853.S,"[1, 10, 9, 5, 8, 4, 3, 6, 7]"
2012.1.00671.S,"[1, 10, 9, 5, 4, 8, 3, 7, 6]"
2016.1.01372.S,"[1, 10, 9, 5, 8, 4, 7, 3, 6]"
2018.1.01634.S,"[1, 10, 9, 5, 8, 4, 3, 6, 7]"
2021.1.00728.S,"[1, 10, 9, 5, 8, 4, 7, 3, 6]"
2018.1.00164.S,"[1, 10, 9, 5, 8, 4, 7, 6, 3]"
2019.1.00572.S,"[1, 10, 9, 5, 8, 4, 3, 7, 6]"
2022.1.00794.S,"[1, 10, 9, 5, 8, 4, 7, 3, 6]"
2013.1.00211.S,"[1, 10, 9, 5, 8, 4, 7, 3, 6]"
2017.1.00555.S,"[1, 10, 9, 5, 8, 4, 3, 6, 7]"
2021.1.00675.S,"[1, 10, 9, 5, 8, 4, 7, 3, 6]"
2018.1.01869.S,"[1, 10, 9, 5, 8, 4, 7, 6, 3]"
2015.1.00615.S,"[1, 10, 9, 5, 8, 4, 3, 7, 6]"
2016.1.00391.S,"[1, 10, 9, 5, 8, 4, 3, 7, 6]"
2018.1.01239.S,"[1, 10, 9, 5, 8, 4, 3, 6, 7]"
2016.1.01093.S,"[1, 10, 9, 5, 4, 8, 7, 3, 6]"
2017.1.01512.S,"[1, 10, 9, 5, 8, 4, 7, 6, 3]"
2019.1.00862.S,"[1, 10, 9, 5, 8, 4, 7, 6, 3]"
2022.1.00319.S,"[1, 10, 9, 5, 8, 4, 7, 6, 3]"
2018.1.01359.S,"[1, 10, 9, 5, 8, 4, 7, 3, 6]"
2015.1.01177.S,"[1, 10, 9, 5, 8, 4, 7, 6, 3]"
2013.1.00834.S,"[1, 10, 9, 5, 8, 4, 7, 6, 3]"
2022.1.01160.S,"[1, 10, 9, 5, 8, 4, 7, 3, 6]"
2015.1.00307.S,"[1, 10, 9, 5, 8, 4, 3, 7, 6]"
2011.0.00136.S,"[1, 10, 9, 8, 5, 4, 3, 7, 6]"
2022.1.00086.S,"[1, 10, 9, 5, 8, 4, 3, 7, 6]"
2023.1.00642.S,"[1, 10, 9, 5, 8, 4, 7, 6, 3]"
2019.1.01177.S,"[1, 10, 9, 5, 8, 4, 3, 6, 7]"
2012.1.00088.S,"[1, 10, 9, 5, 8, 4, 7, 3, 6]"
2017.1.01380.S,"[1, 10, 9, 5, 8, 4, 7, 3, 6]"
2019.2.00252.S,"[1, 10, 5, 9, 4, 8, 7, 6, 3]"
2016.1.00215.S,"[1, 10, 9, 5, 8, 4, 7, 6, 3]"
2021.1.01324.V,"[1, 10, 5, 9, 8, 4, 7, 3, 6]"
2015.1.00341.S,"[1, 10, 9, 5, 8, 4, 3, 7, 6]"
2022.1.00545.S,"[1, 10, 9, 5, 8, 4, 7, 3, 6]"
2017.1.01578.S,"[1, 10, 5, 9, 8, 4, 3, 7, 6]"
2019.1.00386.T,"[1, 10, 9, 5, 8, 4, 3, 6, 7]"
2013.1.01155.S,"[1, 10, 9, 5, 8, 4, 7, 3, 6]"
2023.1.01524.S,"[1, 10, 9, 5, 8, 4, 7, 6, 3]"
2013.1.00247.S,"[1, 10, 9, 5, 8, 4, 7, 6, 3]"
2017.1.00467.S,"[1, 10, 9, 5, 4, 8, 3, 7, 6]"
2016.1.00138.S,"[1, 10, 5, 9, 8, 4, 3, 7, 6]"
2022.1.00366.V,"[1, 10, 5, 9, 8, 4, 7, 3, 6]"
2017.1.01077.S,"[1, 10, 9, 5, 8, 4, 7, 6, 3]"
2023.1.00713.S,"[1, 10, 9, 5, 8, 4, 7, 6, 3]"
2012.1.01022.S,"[1, 10, 9, 5, 8, 4, 7, 6, 3]"
2019.2.00033.S,"[1, 10, 9, 5, 4, 8, 7, 6, 3]"
2022.1.01365.S,"[1, 10, 9, 5, 8, 4, 3, 7, 6]"
2013.1.00171.S,"[1, 10, 9, 5, 8, 4, 7, 3, 6]"
2013.1.00350.S,"[1, 10, 9, 5, 8, 4, 7, 6, 3]"
2018.1.00045.S,"[1, 10, 5, 9, 8, 4, 3, 7, 6]"
2022.1.00225.S,"[1, 10, 9, 5, 8, 4, 3, 7, 6]"
2019.1.00245.S,"[1, 10, 9, 5, 8, 4, 7, 3, 6]"
2012.1.00550.S,"[1, 10, 9, 5, 8, 4, 3, 7, 6]"
2019.1.00851.S,"[1, 10, 9, 5, 8, 4, 7, 3, 6]"
2022.1.01232.S,"[1, 10, 9, 5, 8, 4, 7, 3, 6]"
2013.1.00033.S,"[1, 10, 9, 5, 8, 4, 7, 3, 6]"
2013.1.00210.S,"[1, 10, 9, 5, 4, 8, 7, 6, 3]"
2016.1.00461.S,"[1, 10, 9, 5, 8, 4, 7, 6, 3]"
2022.1.01740.V,"[1, 10, 9, 5, 8, 4, 7, 3, 6]"
2011.0.00399.S,"[1, 10, 9, 5, 8, 4, 3, 7, 6]"
2021.2.00094.S,"[1, 10, 9, 8, 5, 4, 7, 3, 6]"
2018.1.00794.S,"[1, 10, 9, 5, 8, 4, 7, 3, 6]"
2022.1.01686.S,"[1, 10, 9, 5, 8, 4, 3, 7, 6]"
2018.1.00272.S,"[1, 10, 9, 5, 4, 8, 7, 6, 3]"
2012.1.00657.S,"[1, 10, 9, 5, 8, 4, 7, 3, 6]"
2018.1.00271.S,"[1, 10, 9, 5, 8, 4, 3, 7, 6]"
2022.1.00406.S,"[1, 10, 9, 5, 8, 4, 7, 3, 6]"
2019.1.01768.S,"[1, 10, 9, 5, 8, 4, 7, 6, 3]"
2015.1.00040.S,"[1, 10, 9, 5, 8, 4, 7, 6, 3]"
2015.1.00627.S,"[1, 10, 9, 5, 8, 4, 7, 3, 6]"
2022.1.00999.S,"[1, 10, 9, 5, 4, 8, 7, 6, 3]"
2015.1.01510.S,"[1, 10, 9, 5, 8, 4, 7, 3, 6]"
2021.1.01309.S,"[1, 10, 9, 5, 8, 4, 7, 3, 6]"
2012.1.00720.S,"[1, 10, 9, 5, 8, 4, 7, 6, 3]"
2013.1.00183.S,"[1, 10, 9, 5, 8, 4, 7, 3, 6]"
2021.1.00536.S,"[1, 10, 9, 8, 5, 4, 3, 7, 6]"
2022.1.01039.S,"[1, 10, 9, 5, 8, 4, 7, 3, 6]"
2012.1.00940.S,"[1, 10, 9, 5, 8, 4, 7, 3, 6]"
2013.1.00291.S,"[1, 10, 9, 5, 8, 4, 7, 3, 6]"
2016.1.00839.S,"[1, 10, 9, 5, 8, 4, 7, 3, 6]"
2018.1.01830.S,"[1, 10, 9, 5, 8, 4, 7, 3, 6]"
2016.1.01580.S,"[1, 10, 9, 5, 8, 4, 7, 3, 6]"
2013.1.00885.S,"[1, 10, 9, 5, 4, 8, 7, 6, 3]"
2022.1.00760.S,"[1, 10, 9, 5, 8, 4, 3, 7, 6]"
2015.1.00302.S,"[1, 10, 9, 5, 8, 4, 7, 6, 3]"
2019.1.01619.S,"[1, 10, 9, 5, 8, 4, 3, 6, 7]"
2019.1.00102.S,"[1, 10, 9, 5, 8, 4, 7, 6, 3]"
2019.1.01641.S,"[1, 10, 9, 5, 8, 4, 7, 3, 6]"
2015.1.00676.S,"[1, 10, 9, 5, 8, 4, 3, 6, 7]"
2022.1.01213.S,"[1, 10, 9, 5, 8, 4, 7, 3, 6]"
2017.1.01562.S,"[1, 10, 9, 5, 4, 8, 3, 7, 6]"
2015.1.00475.S,"[1, 10, 9, 5, 8, 4, 3, 7, 6]"
2019.1.00678.S,"[1, 10, 9, 5, 8, 4, 7, 3, 6]"
2022.1.00931.S,"[1, 10, 9, 5, 8, 4, 3, 7, 6]"
2016.1.01125.S,"[1, 10, 9, 5, 8, 4, 7, 3, 6]"
2018.1.01684.S,"[1, 10, 9, 5, 8, 4, 7, 6, 3]"
2016.1.00803.S,"[1, 10, 9, 5, 8, 4, 3, 7, 6]"
2015.1.01047.S,"[1, 10, 9, 5, 8, 4, 7, 6, 3]"
2019.1.01266.S,"[1, 10, 9, 5, 8, 4, 7, 3, 6]"
2018.1.01035.T,"[1, 10, 9, 5, 8, 4, 3, 7, 6]"
2019.2.00014.S,"[1, 10, 9, 5, 8, 4, 7, 6, 3]"
2016.1.00907.S,"[1, 10, 5, 9, 8, 4, 3, 7, 6]"
2012.1.00501.S,"[1, 10, 9, 5, 8, 4, 3, 7, 6]"
2011.0.00474.S,"[1, 10, 9, 5, 8, 4, 7, 6, 3]"
2013.1.00279.S,"[1, 10, 9, 5, 8, 4, 7, 6, 3]"
2011.0.00471.S,"[1, 10, 9, 5, 8, 4, 7, 6, 3]"
2015.1.00815.S,"[1, 10, 9, 5, 8, 4, 3, 7, 6]"
2011.0.00619.S,"[1, 10, 9, 5, 8, 4, 3, 7, 6]"
2017.1.00293.S,"[1, 10, 9, 5, 8, 4, 7, 3, 6]"
2017.A.00054.S,"[1, 10, 9, 5, 4, 8, 7, 3, 6]"
2015.1.01188.S,"[1, 10, 9, 8, 5, 4, 3, 7, 6]"
2018.1.00192.S,"[1, 10, 9, 5, 8, 4, 7, 3, 6]"
2015.1.01273.S,"[1, 10, 9, 5, 8, 4, 7, 3, 6]"
2021.1.01474.S,"[1, 10, 9, 5, 8, 4, 7, 3, 6]"
2012.1.00193.S,"[1, 10, 9, 5, 8, 4, 3, 7, 6]"
2022.1.00761.S,"[1, 10, 9, 5, 8, 4, 7, 3, 6]"
2018.1.01449.S,"[1, 10, 9, 5, 8, 4, 7, 3, 6]"
2016.1.00063.S,"[1, 10, 9, 5, 8, 4, 7, 3, 6]"
2013.1.00922.S,"[1, 10, 9, 5, 8, 4, 7, 6, 3]"
2011.0.00656.S,"[1, 10, 9, 5, 8, 4, 7, 3, 6]"
2022.1.00898.S,"[1, 10, 9, 5, 8, 4, 7, 3, 6]"
2018.1.01037.S,"[1, 10, 9, 8, 5, 4, 3, 7, 6]"
2013.1.00039.S,"[1, 10, 9, 5, 4, 8, 7, 3, 6]"
2016.1.00852.S,"[1, 10, 9, 5, 8, 4, 7, 3, 6]"
2015.1.01355.S,"[1, 10, 9, 5, 8, 4, 7, 6, 3]"
2017.1.01552.S,"[1, 10, 9, 5, 8, 4, 3, 7, 6]"
2019.1.00847.S,"[1, 10, 9, 5, 8, 4, 3, 7, 6]"
2023.1.00394.S,"[1, 10, 5, 9, 8, 4, 3, 7, 6]"
2017.1.00471.S,"[1, 10, 9, 5, 8, 4, 7, 3, 6]"
2015.1.01520.S,"[1, 10, 9, 5, 8, 4, 7, 6, 3]"
2013.1.00091.S,"[1, 10, 9, 5, 8, 3, 4, 6, 7]"
2021.1.00447.S,"[1, 10, 9, 5, 8, 4, 7, 3, 6]"
2018.1.01288.S,"[1, 10, 9, 5, 8, 4, 3, 7, 6]"
2016.1.01072.S,"[1, 10, 9, 5, 8, 4, 7, 6, 3]"
2013.1.00025.S,"[1, 10, 9, 5, 8, 4, 3, 7, 6]"
2018.1.01852.S,"[1, 10, 9, 5, 8, 4, 7, 6, 3]"
2013.1.01268.S,"[1, 10, 9, 5, 8, 4, 3, 6, 7]"
2018.1.00331.S,"[1, 10, 9, 5, 8, 4, 7, 3, 6]"
2018.1.00326.S,"[1, 10, 9, 5, 8, 4, 7, 6, 3]"
2013.1.01222.S,"[1, 10, 9, 5, 8, 4, 3, 7, 6]"
2019.1.01559.S,"[1, 10, 5, 9, 8, 4, 7, 3, 6]"
2016.A.00021.T,"[1, 10, 9, 5, 8, 4, 3, 7, 6]"
2013.1.00999.S,"[1, 10, 9, 5, 8, 4, 7, 3, 6]"
2013.1.01312.S,"[1, 10, 9, 5, 8, 4, 7, 6, 3]"
2017.1.00393.S,"[1, 10, 9, 5, 8, 4, 3, 7, 6]"
2016.1.01243.S,"[1, 10, 9, 5, 8, 4, 7, 6, 3]"
2013.1.00058.S,"[1, 10, 9, 5, 8, 4, 7, 6, 3]"
2022.1.01284.S,"[1, 10, 9, 5, 8, 4, 3, 7, 6]"
2011.0.00750.S,"[1, 10, 9, 5, 8, 4, 3, 7, 6]"
2013.1.00457.S,"[1, 10, 9, 5, 8, 4, 3, 6, 7]"
2017.1.00363.S,"[1, 10, 9, 5, 8, 4, 3, 6, 7]"
2015.1.00513.S,"[1, 10, 9, 5, 8, 4, 3, 7, 6]"
2012.1.00346.S,"[1, 10, 9, 5, 8, 4, 7, 3, 6]"
2016.1.00628.S,"[1, 10, 9, 5, 8, 4, 7, 6, 3]"
2011.0.00419.S,"[1, 10, 9, 5, 8, 4, 3, 7, 6]"
2022.1.00333.S,"[1, 10, 9, 5, 8, 4, 7, 6, 3]"
2019.1.00738.S,"[1, 10, 9, 5, 8, 4, 3, 7, 6]"
2015.1.00717.S,"[1, 10, 9, 5, 8, 4, 7, 6, 3]"
2013.1.00014.S,"[1, 10, 5, 9, 4, 8, 3, 7, 6]"
2013.1.00955.S,"[1, 10, 9, 5, 8, 4, 3, 7, 6]"
2015.1.01287.S,"[1, 10, 9, 5, 8, 4, 3, 7, 6]"
2023.1.01197.S,"[1, 10, 9, 5, 8, 4, 3, 7, 6]"
2012.1.00799.S,"[1, 10, 9, 5, 8, 4, 3, 7, 6]"
2012.1.00385.S,"[1, 10, 9, 5, 8, 4, 3, 7, 6]"
2019.1.01117.S,"[1, 10, 9, 5, 8, 4, 7, 3, 6]"
2018.1.01563.S,"[1, 10, 9, 5, 8, 4, 3, 7, 6]"
2017.1.00786.S,"[1, 10, 9, 5, 8, 4, 3, 7, 6]"
2017.1.01340.S,"[1, 10, 9, 5, 8, 4, 7, 6, 3]"
2016.1.00794.S,"[1, 10, 9, 5, 8, 4, 7, 3, 6]"
2023.1.00158.S,"[1, 10, 9, 5, 8, 4, 3, 7, 6]"
2023.1.01206.S,"[1, 10, 9, 5, 4, 8, 7, 6, 3]"
2011.0.00010.S,"[1, 10, 9, 5, 8, 4, 7, 6, 3]"
2019.A.00015.S,"[1, 10, 9, 5, 8, 4, 7, 6, 3]"
2018.1.01631.S,"[1, 10, 9, 8, 5, 4, 3, 6, 7]"
2019.1.01008.T,"[1, 10, 9, 5, 8, 4, 3, 7, 6]"
2015.1.01151.S,"[1, 10, 9, 5, 8, 4, 7, 3, 6]"
2021.1.01259.S,"[1, 10, 9, 5, 8, 4, 7, 3, 6]"
2017.1.00077.S,"[1, 10, 9, 5, 8, 4, 7, 3, 6]"
2017.1.00560.S,"[1, 10, 9, 5, 8, 4, 7, 3, 6]"
2019.1.00437.S,"[1, 10, 9, 5, 8, 4, 3, 7, 6]"
2013.1.00349.S,"[1, 10, 5, 9, 8, 4, 3, 7, 6]"
2015.1.01013.S,"[1, 10, 9, 5, 8, 4, 7, 3, 6]"
2017.1.00991.V,"[1, 10, 9, 5, 8, 4, 7, 3, 6]"
2013.1.00883.S,"[1, 10, 9, 5, 8, 4, 3, 7, 6]"
2012.1.00784.S,"[1, 10, 9, 5, 8, 4, 3, 7, 6]"
2011.0.00273.S,"[1, 10, 9, 5, 8, 4, 3, 7, 6]"
2015.1.01426.S,"[1, 10, 9, 5, 8, 4, 7, 6, 3]"
2021.1.00715.S,"[1, 10, 9, 5, 8, 4, 7, 3, 6]"
2011.0.00121.S,"[1, 10, 9, 5, 8, 4, 7, 3, 6]"
2012.1.00033.S,"[1, 10, 9, 5, 8, 4, 7, 3, 6]"
2019.1.01003.S,"[1, 10, 9, 5, 8, 4, 7, 3, 6]"
2019.1.00037.S,"[1, 10, 9, 5, 8, 4, 3, 7, 6]"
2019.1.00652.S,"[1, 10, 9, 5, 8, 4, 7, 6, 3]"
2023.1.00251.S,"[1, 10, 9, 5, 8, 4, 7, 3, 6]"
2012.1.00368.S,"[1, 10, 9, 5, 8, 4, 7, 3, 6]"
2019.1.01257.S,"[1, 10, 9, 5, 8, 4, 6, 7, 3]"
2021.2.00116.S,"[1, 10, 9, 5, 8, 4, 3, 7, 6]"
2016.1.01398.S,"[1, 10, 9, 5, 8, 4, 7, 3, 6]"
2012.1.00603.S,"[1, 10, 9, 5, 8, 4, 7, 3, 6]"
2015.1.00762.S,"[1, 10, 9, 5, 8, 4, 3, 7, 6]"
2022.1.00995.S,"[1, 10, 9, 5, 8, 4, 3, 7, 6]"
2013.1.00742.S,"[1, 10, 9, 5, 8, 4, 7, 6, 3]"
2012.1.00538.S,"[1, 10, 9, 5, 8, 4, 7, 3, 6]"
2017.A.00025.S,"[1, 10, 9, 5, 8, 4, 3, 7, 6]"
2021.1.00575.S,"[1, 10, 9, 5, 8, 4, 3, 7, 6]"
2019.1.00883.S,"[1, 10, 9, 5, 8, 4, 7, 6, 3]"
2016.1.00915.S,"[1, 10, 9, 5, 8, 4, 7, 3, 6]"
2018.1.01242.S,"[1, 10, 9, 5, 8, 4, 3, 7, 6]"
2016.1.01126.S,"[1, 10, 9, 5, 8, 4, 7, 6, 3]"
2016.1.00654.S,"[1, 10, 9, 5, 4, 8, 3, 7, 6]"
2017.1.00079.S,"[1, 10, 9, 5, 8, 4, 7, 3, 6]"
2017.1.00571.S,"[1, 10, 9, 5, 8, 7, 4, 6, 3]"
2023.1.01674.S,"[1, 10, 9, 5, 8, 4, 7, 6, 3]"
2021.1.01083.S,"[1, 10, 9, 5, 8, 4, 7, 6, 3]"
2019.1.01611.S,"[1, 10, 9, 5, 8, 4, 7, 3, 6]"
2012.1.01004.S,"[1, 10, 9, 5, 8, 4, 7, 6, 3]"
2015.1.00250.S,"[1, 10, 9, 5, 8, 4, 7, 6, 3]"
2023.1.00868.S,"[1, 10, 9, 5, 8, 4, 7, 3, 6]"
2016.1.00826.S,"[1, 10, 9, 5, 8, 4, 3, 7, 6]"
2023.1.01214.S,"[1, 10, 5, 9, 4, 8, 7, 3, 6]"
2016.1.00314.S,"[1, 10, 9, 5, 8, 4, 7, 3, 6]"
2019.2.00212.S,"[1, 10, 9, 5, 4, 8, 7, 6, 3]"
2016.1.00101.S,"[1, 10, 9, 5, 8, 4, 7, 6, 3]"
2013.1.01031.S,"[1, 10, 9, 5, 4, 8, 7, 3, 6]"
2017.1.01583.S,"[1, 10, 9, 5, 8, 4, 3, 7, 6]"
2022.1.00403.S,"[1, 10, 9, 5, 8, 4, 7, 3, 6]"
2018.1.00588.S,"[1, 10, 9, 8, 5, 4, 7, 6, 3]"
2012.1.00640.S,"[1, 10, 9, 5, 8, 4, 7, 6, 3]"
2019.1.00151.S,"[1, 10, 9, 5, 8, 4, 7, 6, 3]"
2017.1.01532.S,"[1, 10, 9, 5, 8, 4, 7, 3, 6]"
2013.1.00417.S,"[1, 10, 9, 5, 8, 4, 7, 6, 3]"
2013.1.00993.S,"[1, 10, 9, 5, 4, 8, 7, 3, 6]"
2017.1.00181.S,"[1, 10, 9, 5, 8, 4, 3, 7, 6]"
2015.1.01593.S,"[1, 10, 9, 5, 8, 4, 7, 6, 3]"
2017.1.00941.S,"[1, 10, 9, 5, 8, 4, 3, 7, 6]"
2012.1.01111.S,"[1, 10, 9, 5, 8, 4, 7, 3, 6]"
2021.1.01432.S,"[1, 10, 9, 5, 8, 4, 7, 6, 3]"
2023.1.01706.S,"[1, 10, 9, 5, 8, 4, 7, 3, 6]"
2021.1.00912.S,"[1, 10, 9, 5, 8, 4, 3, 7, 6]"
2023.1.00336.S,"[1, 10, 9, 5, 8, 4, 3, 7, 6]"
2016.1.00346.S,"[1, 10, 9, 5, 4, 8, 3, 7, 6]"
2021.2.00102.S,"[1, 10, 9, 5, 8, 4, 3, 7, 6]"
2021.1.00850.S,"[1, 10, 9, 5, 8, 4, 7, 3, 6]"
2016.2.00134.S,"[1, 10, 9, 5, 8, 4, 7, 3, 6]"
2015.1.00089.S,"[1, 10, 9, 5, 8, 4, 3, 7, 6]"
2015.1.01243.S,"[1, 10, 9, 5, 8, 4, 3, 7, 6]"
2013.1.00773.S,"[1, 10, 9, 5, 8, 4, 3, 7, 6]"
2018.1.00816.S,"[1, 10, 9, 5, 8, 4, 7, 3, 6]"
2017.1.01140.S,"[1, 10, 9, 5, 8, 4, 7, 6, 3]"
2019.1.00476.S,"[1, 10, 9, 5, 8, 4, 7, 3, 6]"
2022.1.00154.S,"[1, 10, 9, 5, 8, 4, 3, 7, 6]"
2018.1.01750.S,"[1, 10, 9, 5, 8, 4, 7, 3, 6]"
2017.1.00180.S,"[1, 10, 9, 5, 8, 4, 7, 3, 6]"
2022.1.00098.S,"[1, 10, 9, 5, 4, 8, 7, 3, 6]"
2015.1.01584.S,"[1, 10, 9, 5, 8, 4, 7, 3, 6]"
2015.1.00241.S,"[1, 10, 9, 5, 8, 4, 7, 3, 6]"
2012.1.00539.S,"[1, 10, 9, 5, 8, 4, 7, 6, 3]"
2021.1.01375.S,"[1, 10, 9, 5, 8, 4, 7, 6, 3]"
2013.1.00260.S,"[1, 10, 9, 5, 8, 4, 7, 3, 6]"
2013.1.01157.S,"[1, 10, 9, 5, 8, 4, 3, 7, 6]"
2019.1.00838.S,"[1, 10, 9, 5, 8, 4, 7, 3, 6]"
2022.1.00997.T,"[1, 10, 9, 5, 8, 4, 3, 7, 6]"
2018.1.00359.S,"[1, 10, 9, 5, 8, 4, 6, 7, 3]"
2021.1.01081.S,"[1, 10, 9, 5, 4, 8, 3, 7, 6]"
2017.A.00024.S,"[1, 10, 9, 5, 4, 8, 3, 7, 6]"
2018.1.01687.S,"[1, 10, 9, 5, 8, 4, 7, 3, 6]"
2017.1.00301.S,"[1, 10, 5, 9, 4, 8, 7, 3, 6]"
2021.1.01650.S,"[1, 10, 9, 5, 8, 4, 7, 6, 3]"
2017.1.01209.S,"[1, 10, 9, 5, 4, 7, 8, 6, 3]"
2015.1.00308.S,"[1, 10, 9, 5, 8, 4, 3, 6, 7]"
2018.1.01334.S,"[1, 10, 9, 5, 8, 4, 7, 6, 3]"
2017.1.01045.S,"[1, 10, 9, 5, 8, 4, 7, 6, 3]"
2015.1.00141.S,"[1, 10, 5, 9, 8, 4, 3, 7, 6]"
2017.1.00569.S,"[1, 10, 9, 5, 8, 4, 7, 3, 6]"
2016.1.01015.S,"[1, 10, 9, 5, 8, 4, 7, 3, 6]"
2023.1.01558.S,"[1, 10, 9, 5, 8, 4, 7, 6, 3]"
2019.1.01812.V,"[1, 10, 5, 9, 4, 8, 7, 3, 6]"
2015.1.00889.S,"[1, 10, 5, 9, 8, 4, 3, 7, 6]"
2015.1.00305.S,"[1, 10, 9, 5, 8, 4, 7, 3, 6]"
2019.1.01382.S,"[1, 10, 9, 5, 8, 4, 7, 6, 3]"
2013.1.00070.S,"[1, 10, 9, 5, 8, 4, 7, 3, 6]"
2019.2.00072.S,"[1, 10, 9, 5, 8, 4, 7, 3, 6]"
2012.1.00681.S,"[1, 10, 9, 5, 8, 4, 3, 6, 7]"
2022.1.00611.S,"[1, 10, 9, 5, 8, 4, 6, 3, 7]"
2012.1.00001.S,"[1, 10, 9, 5, 8, 4, 7, 6, 3]"
2017.1.01306.S,"[1, 10, 9, 8, 5, 4, 7, 6, 3]"
2018.1.01321.S,"[1, 10, 9, 5, 8, 4, 7, 3, 6]"
2016.2.00097.S,"[1, 10, 9, 5, 8, 4, 7, 6, 3]"
2019.1.01422.S,"[1, 10, 9, 5, 8, 4, 7, 6, 3]"
2021.A.00022.S,"[1, 10, 9, 5, 4, 8, 3, 7, 6]"
2017.A.00026.S,"[1, 10, 9, 5, 4, 8, 7, 3, 6]"
2018.1.00126.S,"[1, 10, 9, 5, 8, 4, 7, 3, 6]"
2016.1.01468.S,"[1, 10, 9, 5, 8, 4, 3, 6, 7]"
2018.1.01050.S,"[1, 10, 9, 5, 8, 4, 7, 3, 6]"
2019.1.00720.S,"[1, 10, 9, 8, 4, 5, 3, 7, 6]"
2011.0.00217.S,"[1, 10, 9, 5, 8, 4, 7, 6, 3]"
2017.1.01478.S,"[1, 10, 9, 5, 8, 4, 3, 7, 6]"
2016.1.00533.S,"[1, 10, 9, 5, 8, 4, 7, 3, 6]"
2018.1.01330.S,"[1, 10, 9, 5, 8, 4, 3, 7, 6]"
2023.1.00600.S,"[1, 10, 9, 5, 8, 4, 7, 3, 6]"
2021.2.00059.S,"[1, 10, 9, 5, 8, 4, 7, 6, 3]"
2019.1.01741.S,"[1, 10, 9, 5, 8, 4, 7, 3, 6]"
2021.1.01603.S,"[1, 10, 9, 5, 4, 8, 7, 3, 6]"
2015.1.01037.S,"[1, 10, 9, 5, 8, 4, 3, 7, 6]"
2013.1.01046.S,"[1, 10, 9, 5, 8, 4, 3, 6, 7]"
2018.1.00458.S,"[1, 10, 9, 5, 8, 4, 3, 7, 6]"
2016.1.00232.S,"[1, 10, 5, 9, 4, 8, 3, 6, 7]"
2017.1.00489.S,"[1, 10, 9, 5, 8, 4, 7, 6, 3]"
2011.0.00645.S,"[1, 10, 9, 5, 4, 8, 7, 3, 6]"
2016.1.00117.S,"[1, 10, 9, 5, 8, 4, 3, 6, 7]"
2019.1.00479.S,"[1, 10, 9, 5, 8, 4, 3, 6, 7]"
2019.1.00130.S,"[1, 10, 9, 5, 8, 4, 7, 6, 3]"
2011.0.00268.S,"[1, 10, 9, 5, 4, 8, 3, 7, 6]"
2022.1.01376.S,"[1, 10, 9, 5, 8, 4, 7, 6, 3]"
2015.1.00106.S,"[1, 10, 9, 5, 8, 4, 7, 3, 6]"
2019.1.01201.S,"[1, 10, 9, 5, 8, 4, 7, 6, 3]"
2023.1.01313.S,"[1, 10, 9, 5, 8, 4, 7, 6, 3]"
2018.1.00081.S,"[1, 10, 9, 5, 8, 4, 7, 3, 6]"
2017.1.01318.S,"[1, 10, 9, 5, 8, 4, 7, 3, 6]"
2018.1.01679.S,"[1, 10, 9, 5, 8, 4, 3, 7, 6]"
2023.1.01066.S,"[1, 10, 9, 5, 8, 4, 6, 7, 3]"
2013.1.00397.S,"[1, 10, 9, 5, 8, 4, 7, 3, 6]"
2022.1.00141.S,"[1, 10, 9, 5, 8, 4, 7, 3, 6]"
2016.1.01149.S,"[1, 10, 9, 5, 8, 4, 7, 3, 6]"
2012.1.00474.S,"[1, 10, 9, 5, 8, 4, 7, 6, 3]"
2012.1.00208.S,"[1, 10, 9, 5, 8, 4, 7, 3, 6]"
2021.1.00935.S,"[1, 10, 9, 5, 8, 4, 7, 6, 3]"
2015.1.01198.S,"[1, 10, 9, 5, 8, 4, 7, 6, 3]"
2015.1.00624.S,"[1, 10, 9, 5, 8, 4, 7, 3, 6]"
2022.1.01739.S,"[1, 10, 9, 5, 8, 4, 7, 6, 3]"
2015.1.00192.S,"[1, 10, 9, 5, 8, 4, 3, 7, 6]"
2019.1.00618.S,"[1, 10, 9, 5, 4, 8, 3, 7, 6]"
2017.1.00200.S,"[1, 10, 9, 5, 8, 4, 3, 7, 6]"
2021.1.01720.S,"[1, 10, 9, 5, 8, 4, 3, 7, 6]"
2021.2.00147.S,"[1, 10, 9, 8, 5, 4, 7, 3, 6]"
2017.1.01177.S,"[1, 10, 9, 5, 8, 7, 4, 6, 3]"
2022.1.00707.S,"[1, 10, 9, 5, 8, 4, 7, 6, 3]"
2015.1.01136.S,"[1, 10, 9, 5, 8, 4, 7, 3, 6]"
2019.1.01664.S,"[1, 10, 9, 5, 8, 4, 7, 6, 3]"
2019.1.00771.S,"[1, 10, 9, 5, 8, 4, 7, 6, 3]"
2018.1.01826.S,"[1, 10, 9, 5, 8, 4, 7, 6, 3]"
2015.1.00952.S,"[1, 10, 9, 5, 4, 8, 7, 6, 3]"
2012.1.00542.S,"[1, 10, 9, 5, 8, 4, 7, 3, 6]"
2016.1.00650.S,"[1, 10, 9, 5, 8, 4, 7, 6, 3]"
2022.1.00657.S,"[1, 10, 9, 5, 8, 4, 3, 7, 6]"
2015.1.01309.S,"[1, 10, 9, 5, 8, 4, 7, 6, 3]"
2016.1.01543.S,"[1, 10, 9, 3, 4, 6, 5, 8, 7]"
2016.1.00496.S,"[1, 10, 9, 5, 8, 4, 7, 3, 6]"
2017.1.00700.S,"[1, 10, 9, 5, 8, 4, 3, 7, 6]"
2018.1.00147.S,"[1, 10, 9, 5, 8, 4, 7, 3, 6]"
2022.1.01384.S,"[1, 10, 9, 5, 4, 8, 7, 3, 6]"
2011.0.00779.S,"[1, 10, 9, 5, 8, 4, 3, 6, 7]"
2017.1.00066.S,"[1, 10, 9, 5, 8, 4, 7, 6, 3]"
2021.1.00814.S,"[1, 10, 9, 5, 8, 4, 7, 3, 6]"
2019.1.00165.S,"[1, 10, 9, 5, 4, 7, 6, 3, 8]"
2021.1.00782.S,"[1, 10, 9, 5, 8, 4, 3, 7, 6]"
2013.1.00879.S,"[1, 10, 9, 5, 8, 4, 3, 7, 6]"
2016.1.00854.S,"[1, 10, 5, 9, 8, 4, 7, 3, 6]"
2021.1.00105.S,"[1, 10, 9, 5, 8, 4, 7, 6, 3]"
2015.1.00028.S,"[1, 10, 9, 5, 8, 4, 3, 7, 6]"
2019.1.00761.S,"[1, 10, 9, 5, 8, 4, 3, 7, 6]"
2013.1.00798.S,"[1, 10, 9, 5, 8, 4, 3, 7, 6]"
2016.1.00254.S,"[1, 10, 9, 5, 4, 8, 3, 7, 6]"
2022.1.00519.S,"[1, 10, 9, 5, 8, 4, 7, 6, 3]"
2013.1.00535.S,"[1, 10, 9, 5, 8, 4, 7, 6, 3]"
2017.1.00629.S,"[1, 10, 9, 5, 8, 4, 7, 3, 6]"
2019.1.00732.S,"[1, 10, 9, 5, 8, 4, 3, 7, 6]"
2017.A.00032.S,"[1, 10, 9, 5, 8, 4, 7, 3, 6]"
2017.1.00661.S,"[1, 10, 9, 5, 8, 4, 7, 3, 6]"
2023.1.00515.S,"[1, 10, 9, 5, 8, 4, 3, 7, 6]"
2016.1.00978.S,"[1, 10, 9, 5, 7, 4, 3, 8, 6]"
2017.1.01247.S,"[1, 10, 9, 5, 8, 4, 3, 7, 6]"
2015.1.00059.S,"[1, 10, 9, 5, 4, 8, 3, 7, 6]"
2016.2.00117.S,"[1, 10, 9, 5, 8, 4, 3, 7, 6]"
2016.1.01404.V,"[1, 10, 5, 9, 4, 8, 7, 3, 6]"
2016.2.00027.S,"[1, 10, 9, 5, 8, 4, 3, 7, 6]"
2012.1.00333.S,"[1, 10, 9, 5, 8, 4, 7, 3, 6]"
2018.A.00061.S,"[1, 10, 9, 5, 8, 4, 7, 6, 3]"
2023.1.01340.S,"[1, 10, 9, 5, 8, 4, 3, 7, 6]"
2022.1.01356.S,"[1, 10, 9, 5, 8, 4, 7, 3, 6]"
2017.1.00737.S,"[1, 10, 9, 5, 8, 4, 3, 6, 7]"
2017.1.01145.S,"[1, 10, 9, 5, 8, 4, 7, 3, 6]"
2016.1.00161.S,"[1, 10, 9, 5, 8, 4, 3, 6, 7]"
2019.1.01071.S,"[1, 10, 9, 5, 8, 4, 3, 7, 6]"
2016.1.00864.S,"[1, 10, 9, 5, 8, 4, 7, 6, 3]"
2019.1.00251.S,"[1, 10, 9, 5, 8, 4, 3, 7, 6]"
2016.1.00121.S,"[1, 10, 9, 5, 8, 4, 7, 6, 3]"
2021.1.00889.V,"[1, 10, 9, 5, 8, 4, 7, 3, 6]"
2023.1.00802.S,"[1, 10, 9, 5, 8, 4, 7, 3, 6]"
2013.1.00952.S,"[1, 10, 9, 5, 8, 4, 7, 6, 3]"
2017.1.00586.S,"[1, 10, 9, 5, 8, 4, 7, 3, 6]"
2013.1.00806.S,"[1, 10, 9, 5, 8, 4, 7, 3, 6]"
2012.1.00543.S,"[1, 10, 5, 9, 4, 8, 7, 3, 6]"
2017.1.00696.S,"[1, 10, 9, 5, 8, 4, 3, 7, 6]"
2018.1.00167.S,"[1, 10, 9, 5, 8, 4, 3, 7, 6]"
2019.1.01329.S,"[1, 10, 9, 5, 8, 4, 7, 6, 3]"
2023.1.00032.S,"[1, 10, 9, 5, 8, 4, 7, 6, 3]"
2015.1.01125.S,"[1, 10, 9, 5, 8, 4, 7, 3, 6]"
2016.1.01269.S,"[1, 10, 9, 5, 8, 4, 7, 3, 6]"
2019.1.01642.S,"[1, 10, 9, 5, 8, 4, 7, 6, 3]"
2012.1.00602.S,"[1, 10, 9, 5, 4, 8, 7, 6, 3]"
2016.1.01155.S,"[1, 10, 9, 5, 8, 4, 7, 6, 3]"
2016.1.01530.S,"[1, 10, 9, 5, 4, 8, 3, 6, 7]"
2017.1.00075.S,"[1, 10, 9, 5, 8, 4, 3, 6, 7]"
2016.1.00383.S,"[1, 10, 9, 5, 8, 4, 3, 7, 6]"
2013.1.01193.S,"[1, 10, 9, 5, 8, 4, 7, 3, 6]"
2019.2.00015.S,"[1, 10, 9, 5, 4, 8, 7, 3, 6]"
2017.1.01358.S,"[1, 10, 9, 5, 4, 8, 7, 3, 6]"
2018.1.00500.S,"[1, 10, 9, 5, 4, 8, 3, 7, 6]"
2018.1.00492.S,"[1, 10, 9, 5, 8, 4, 7, 3, 6]"
2021.1.00055.S,"[1, 10, 9, 5, 8, 4, 7, 3, 6]"
2015.1.00147.S,"[1, 10, 9, 5, 8, 4, 7, 3, 6]"
2013.1.00658.S,"[1, 10, 9, 5, 8, 4, 3, 7, 6]"
2022.1.00276.S,"[1, 10, 9, 5, 8, 4, 7, 3, 6]"
2016.1.01504.S,"[1, 10, 9, 5, 8, 4, 3, 7, 6]"
2021.1.00313.S,"[1, 10, 9, 5, 8, 4, 7, 6, 3]"
2013.1.00916.S,"[1, 10, 9, 5, 8, 4, 7, 3, 6]"
2012.1.00437.S,"[1, 10, 9, 5, 8, 4, 3, 7, 6]"
2022.1.00578.S,"[1, 10, 9, 5, 8, 4, 7, 6, 3]"
2023.1.00229.S,"[1, 10, 9, 5, 8, 4, 7, 6, 3]"
2017.1.00753.S,"[1, 10, 9, 5, 8, 4, 7, 6, 3]"
2016.1.00380.S,"[1, 10, 9, 5, 8, 4, 7, 3, 6]"
2018.1.00531.S,"[1, 10, 9, 5, 8, 4, 7, 3, 6]"
2016.1.00297.S,"[1, 10, 9, 8, 5, 4, 3, 7, 6]"
2017.1.00541.S,"[1, 10, 9, 5, 8, 4, 7, 3, 6]"
2016.1.00517.S,"[1, 10, 9, 5, 8, 4, 7, 3, 6]"
2021.2.00096.S,"[1, 10, 9, 5, 8, 3, 4, 7, 6]"
2016.1.00596.S,"[1, 10, 9, 5, 8, 4, 7, 6, 3]"
2016.1.00761.S,"[1, 10, 9, 5, 8, 4, 3, 7, 6]"
2021.2.00121.S,"[1, 10, 9, 5, 8, 4, 7, 6, 3]"
2011.0.00259.S,"[1, 10, 9, 5, 8, 4, 3, 7, 6]"
2022.1.01705.S,"[1, 10, 9, 5, 8, 4, 7, 6, 3]"
2016.1.00924.S,"[1, 10, 9, 5, 8, 4, 7, 3, 6]"
2021.1.01567.V,"[1, 10, 9, 5, 8, 4, 7, 3, 6]"
2021.A.00020.S,"[1, 10, 9, 5, 8, 4, 7, 3, 6]"
2012.1.00536.S,"[1, 10, 9, 5, 8, 4, 3, 7, 6]"
2019.1.01337.S,"[1, 10, 9, 5, 8, 4, 3, 6, 7]"
2013.1.00196.S,"[1, 10, 9, 5, 8, 4, 6, 3, 7]"
2013.1.00308.S,"[1, 10, 9, 5, 8, 4, 7, 3, 6]"
2021.1.00776.S,"[1, 10, 9, 5, 8, 4, 7, 3, 6]"
2016.1.01456.S,"[1, 10, 9, 5, 8, 4, 3, 7, 6]"
2013.1.00122.S,"[1, 10, 9, 5, 8, 4, 7, 3, 6]"
2021.1.01323.S,"[1, 10, 9, 5, 4, 8, 7, 6, 3]"
2017.1.01249.S,"[1, 10, 9, 5, 8, 4, 7, 3, 6]"
2016.2.00147.S,"[1, 10, 9, 5, 8, 4, 7, 6, 3]"
2015.1.00294.S,"[1, 10, 9, 5, 8, 4, 7, 6, 3]"
2016.1.01285.S,"[1, 10, 9, 5, 4, 8, 7, 3, 6]"
2022.1.01695.S,"[1, 10, 9, 5, 8, 4, 3, 7, 6]"
2016.1.00862.T,"[1, 10, 9, 5, 8, 4, 7, 6, 3]"
2015.1.00228.S,"[1, 10, 9, 5, 8, 4, 7, 6, 3]"
2018.1.01276.S,"[1, 10, 9, 8, 5, 4, 3, 6, 7]"
2015.1.00326.S,"[1, 10, 9, 5, 8, 4, 7, 3, 6]"
2019.1.01272.S,"[1, 10, 9, 5, 8, 4, 7, 3, 6]"
2011.0.00727.S,"[1, 10, 8, 9, 5, 4, 3, 6, 7]"
2015.1.00190.S,"[1, 10, 9, 5, 8, 4, 3, 7, 6]"
2011.0.00467.S,"[1, 10, 9, 5, 8, 4, 7, 6, 3]"
2022.1.00853.V,"[1, 10, 9, 5, 8, 4, 7, 3, 6]"
2015.1.01415.S,"[1, 10, 9, 5, 8, 4, 3, 7, 6]"
2017.1.01020.S,"[1, 10, 9, 5, 8, 4, 7, 6, 3]"
2017.1.00797.V,"[1, 10, 5, 9, 4, 8, 7, 3, 6]"
2018.1.01123.S,"[1, 10, 9, 5, 8, 4, 7, 3, 6]"
2017.1.00433.S,"[1, 10, 9, 5, 8, 4, 7, 6, 3]"
2017.1.01647.S,"[1, 10, 9, 5, 8, 4, 7, 3, 6]"
2021.1.01058.S,"[1, 10, 9, 5, 8, 4, 3, 6, 7]"
2023.1.00737.S,"[1, 10, 9, 8, 5, 4, 6, 3, 7]"
2017.1.01280.S,"[1, 10, 9, 5, 8, 4, 7, 3, 6]"
2013.1.00694.S,"[1, 10, 9, 5, 8, 4, 3, 7, 6]"
2018.1.00312.S,"[1, 10, 9, 5, 8, 4, 7, 3, 6]"
2016.1.00935.S,"[1, 10, 9, 5, 8, 4, 7, 6, 3]"
2017.1.01174.S,"[1, 10, 9, 8, 5, 4, 3, 7, 6]"
2013.1.01307.S,"[1, 10, 9, 5, 8, 4, 7, 3, 6]"
2021.1.01034.S,"[1, 10, 9, 5, 8, 4, 3, 6, 7]"
2015.1.00150.S,"[1, 10, 9, 5, 8, 7, 3, 4, 6]"
2021.1.00214.S,"[1, 10, 9, 5, 8, 4, 3, 7, 6]"
2015.1.00030.S,"[1, 10, 5, 9, 8, 4, 7, 3, 6]"
2019.1.00271.S,"[1, 10, 9, 5, 8, 4, 7, 3, 6]"
2016.1.00728.S,"[1, 10, 9, 5, 8, 4, 3, 7, 6]"
2021.1.00844.S,"[1, 10, 9, 5, 8, 4, 3, 6, 7]"
2022.1.01155.S,"[1, 10, 9, 5, 8, 4, 3, 7, 6]"
2015.1.00883.S,"[1, 10, 9, 5, 4, 8, 6, 7, 3]"
2017.1.00831.S,"[1, 10, 9, 8, 5, 4, 3, 6, 7]"
2018.1.00633.S,"[1, 10, 9, 5, 4, 8, 3, 7, 6]"
2018.1.01526.S,"[1, 10, 9, 5, 8, 4, 7, 6, 3]"
2022.A.00035.S,"[1, 10, 9, 5, 8, 4, 3, 7, 6]"
2019.2.00039.S,"[1, 10, 9, 5, 8, 4, 7, 3, 6]"
2019.A.00017.S,"[1, 10, 9, 5, 8, 4, 7, 3, 6]"
2019.1.00570.S,"[1, 10, 9, 5, 8, 4, 3, 7, 6]"
2018.1.00024.S,"[1, 10, 9, 5, 8, 4, 3, 7, 6]"
2018.1.01306.S,"[1, 10, 9, 5, 8, 4, 7, 6, 3]"
2022.1.01392.S,"[1, 10, 9, 5, 8, 4, 7, 6, 3]"
2017.1.00725.S,"[1, 10, 9, 5, 8, 4, 7, 6, 3]"
2019.1.01138.S,"[1, 10, 5, 9, 8, 4, 3, 6, 7]"
2016.1.01197.S,"[1, 10, 9, 5, 8, 4, 3, 7, 6]"
2021.1.00046.S,"[1, 10, 5, 9, 8, 4, 3, 7, 6]"
2022.1.00604.S,"[1, 10, 9, 5, 8, 7, 4, 6, 3]"
2016.1.00711.S,"[1, 10, 9, 5, 8, 4, 3, 7, 6]"
2018.1.00799.S,"[1, 10, 9, 5, 8, 4, 3, 7, 6]"
2021.1.01364.S,"[1, 10, 9, 5, 8, 3, 4, 6, 7]"
2022.1.01055.V,"[1, 10, 5, 9, 8, 4, 7, 3, 6]"
2021.1.00838.S,"[1, 10, 9, 5, 8, 4, 7, 6, 3]"
2016.1.01141.S,"[1, 10, 9, 5, 8, 4, 7, 3, 6]"
2023.1.00098.S,"[1, 10, 9, 5, 8, 4, 3, 7, 6]"
2015.1.01161.S,"[1, 10, 9, 5, 8, 4, 7, 6, 3]"
2017.1.00006.S,"[1, 10, 9, 5, 4, 8, 7, 6, 3]"
2016.1.01279.S,"[1, 10, 9, 5, 8, 4, 7, 3, 6]"
2021.1.00815.S,"[1, 10, 9, 5, 8, 4, 7, 6, 3]"
2021.1.01002.S,"[1, 10, 9, 5, 8, 4, 7, 6, 3]"
2012.1.00122.S,"[1, 10, 9, 5, 8, 4, 3, 7, 6]"
2022.1.00972.S,"[1, 10, 9, 5, 8, 4, 7, 6, 3]"
2018.1.00285.S,"[1, 10, 9, 5, 8, 4, 7, 3, 6]"
2013.1.00271.S,"[1, 10, 9, 5, 8, 4, 7, 6, 3]"
2017.1.00178.S,"[1, 10, 9, 5, 8, 4, 3, 7, 6]"
2015.1.00186.S,"[1, 10, 9, 8, 5, 4, 3, 7, 6]"
2018.1.00520.S,"[1, 10, 9, 5, 8, 4, 7, 3, 6]"
2023.1.00734.S,"[1, 10, 9, 5, 8, 4, 7, 6, 3]"
2015.1.00979.S,"[1, 10, 9, 5, 8, 4, 3, 6, 7]"
2016.1.01304.T,"[1, 10, 9, 5, 8, 4, 3, 6, 7]"
2016.1.00450.S,"[1, 10, 9, 5, 8, 4, 7, 6, 3]"
2021.2.00017.S,"[1, 10, 9, 5, 8, 4, 7, 3, 6]"
2018.1.01106.S,"[1, 10, 9, 5, 8, 4, 7, 6, 3]"
2022.1.01173.S,"[1, 10, 9, 5, 8, 4, 7, 3, 6]"
2019.1.01030.S,"[1, 10, 9, 5, 8, 4, 7, 3, 6]"
2017.1.00277.S,"[1, 10, 9, 5, 8, 4, 7, 3, 6]"
2015.1.00650.S,"[1, 10, 9, 5, 8, 4, 7, 3, 6]"
2015.1.00597.S,"[1, 10, 9, 5, 4, 8, 7, 3, 6]"
2015.1.00212.S,"[1, 10, 9, 5, 8, 4, 7, 6, 3]"
2011.0.00525.S,"[1, 10, 9, 5, 8, 4, 7, 6, 3]"
2021.1.00988.S,"[1, 10, 9, 5, 8, 4, 7, 6, 3]"
2021.1.00181.S,"[1, 10, 9, 5, 8, 4, 7, 3, 6]"
2023.1.01149.S,"[1, 10, 9, 5, 8, 4, 3, 7, 6]"
2015.1.00296.S,"[1, 10, 9, 8, 5, 4, 3, 7, 6]"
2013.1.01070.S,"[1, 10, 9, 5, 8, 4, 3, 6, 7]"
2018.1.01056.S,"[1, 10, 9, 5, 8, 4, 7, 6, 3]"
2019.1.01238.S,"[1, 10, 9, 5, 8, 4, 7, 6, 3]"
2015.1.00048.S,"[1, 10, 9, 5, 8, 4, 3, 7, 6]"
2018.1.00427.S,"[1, 10, 9, 5, 8, 4, 3, 7, 6]"
2016.1.01453.S,"[1, 10, 9, 5, 8, 4, 3, 7, 6]"
2018.1.01774.S,"[1, 10, 9, 5, 8, 4, 3, 6, 7]"
2019.1.00746.S,"[1, 10, 5, 9, 4, 8, 7, 3, 6]"
2016.1.00375.S,"[1, 10, 5, 9, 8, 4, 7, 3, 6]"
2017.1.00258.S,"[1, 10, 9, 5, 8, 4, 7, 6, 3]"
2011.0.00648.S,"[1, 10, 9, 5, 8, 4, 7, 6, 3]"
2022.1.00114.S,"[1, 10, 9, 5, 8, 4, 3, 7, 6]"
2018.1.00294.S,"[1, 10, 9, 5, 8, 4, 7, 3, 6]"
2013.1.00911.S,"[1, 10, 9, 5, 8, 4, 7, 6, 3]"
2021.1.01545.S,"[1, 10, 9, 5, 4, 8, 7, 6, 3]"
2022.1.01132.S,"[1, 10, 9, 5, 8, 4, 3, 7, 6]"
2012.1.00762.S,"[1, 10, 9, 5, 8, 4, 7, 3, 6]"
2018.1.01594.S,"[1, 10, 9, 5, 8, 4, 7, 3, 6]"
2015.1.00187.S,"[1, 10, 9, 5, 8, 4, 7, 3, 6]"
2013.1.00259.S,"[1, 10, 9, 5, 8, 4, 7, 6, 3]"
2012.1.00973.S,"[1, 10, 9, 5, 8, 4, 7, 6, 3]"
2018.1.00692.S,"[1, 10, 9, 5, 8, 4, 7, 6, 3]"
2015.1.00993.S,"[1, 10, 9, 5, 8, 4, 7, 6, 3]"
2016.1.01173.S,"[1, 10, 9, 5, 8, 4, 7, 3, 6]"
2012.1.00133.S,"[1, 10, 9, 5, 8, 4, 7, 6, 3]"
2016.1.01541.S,"[1, 10, 9, 5, 8, 4, 3, 7, 6]"
2015.1.01253.S,"[1, 10, 9, 5, 8, 4, 7, 3, 6]"
2021.1.01535.S,"[1, 10, 9, 5, 8, 4, 7, 6, 3]"
2015.1.01158.S,"[1, 10, 9, 5, 8, 4, 7, 3, 6]"
2022.1.01531.S,"[1, 10, 9, 5, 8, 4, 3, 7, 6]"
2013.1.01102.S,"[1, 10, 9, 8, 5, 4, 3, 7, 6]"
2018.1.00543.S,"[1, 10, 9, 5, 8, 4, 7, 6, 3]"
2017.1.01444.S,"[1, 10, 9, 5, 8, 4, 3, 7, 6]"
2015.1.00851.S,"[1, 10, 9, 5, 8, 4, 7, 6, 3]"
2019.1.01509.S,"[1, 10, 9, 5, 8, 4, 7, 3, 6]"
2022.1.01058.S,"[1, 10, 5, 9, 8, 4, 3, 7, 6]"
2015.1.00392.S,"[1, 10, 9, 5, 8, 4, 3, 7, 6]"
2021.1.00273.S,"[1, 10, 9, 5, 8, 4, 3, 7, 6]"
2019.1.01804.S,"[1, 10, 9, 5, 8, 4, 7, 6, 3]"
2016.1.00766.S,"[1, 10, 9, 5, 8, 4, 7, 3, 6]"
2016.2.00133.S,"[1, 10, 9, 5, 8, 4, 7, 6, 3]"
2013.1.00487.S,"[1, 10, 9, 5, 8, 4, 3, 6, 7]"
2012.1.00304.S,"[1, 10, 9, 5, 8, 4, 7, 3, 6]"
2021.1.00960.S,"[1, 10, 9, 5, 8, 4, 7, 6, 3]"
2021.1.01366.S,"[1, 10, 9, 5, 8, 4, 3, 7, 6]"
2015.1.01559.S,"[1, 10, 9, 5, 8, 4, 7, 6, 3]"
2019.1.01778.S,"[1, 10, 9, 5, 4, 8, 7, 3, 6]"
2013.1.00523.S,"[1, 10, 9, 5, 8, 4, 3, 6, 7]"
2018.1.01605.S,"[1, 10, 9, 5, 8, 4, 7, 6, 3]"
2011.0.00236.S,"[1, 10, 9, 5, 8, 4, 3, 7, 6]"
2021.2.00164.S,"[1, 10, 9, 5, 4, 8, 7, 3, 6]"
2011.0.00199.S,"[1, 10, 9, 5, 8, 4, 7, 3, 6]"
2016.1.01147.S,"[1, 10, 9, 5, 8, 4, 3, 7, 6]"
2016.1.01206.S,"[1, 10, 9, 8, 5, 3, 4, 7, 6]"
2022.1.01558.S,"[1, 10, 9, 5, 8, 4, 3, 7, 6]"
2013.1.00828.S,"[1, 10, 9, 5, 8, 4, 7, 3, 6]"
2017.1.01093.S,"[1, 10, 9, 5, 8, 4, 7, 6, 3]"
2013.1.01037.S,"[1, 10, 9, 5, 8, 4, 7, 3, 6]"
2011.0.00396.S,"[1, 10, 9, 5, 8, 4, 3, 7, 6]"
2011.0.00964.S,"[1, 10, 9, 5, 8, 4, 7, 6, 3]"
2023.1.00340.S,"[1, 10, 9, 5, 8, 4, 3, 7, 6]"
2018.1.00135.S,"[1, 10, 9, 5, 8, 4, 7, 6, 3]"
2021.1.00800.S,"[1, 10, 9, 5, 8, 4, 7, 3, 6]"
2015.1.00175.S,"[1, 10, 9, 5, 8, 4, 7, 6, 3]"
2013.1.00146.S,"[1, 10, 9, 5, 8, 4, 7, 6, 3]"
2021.1.00982.S,"[1, 10, 9, 8, 5, 4, 3, 7, 6]"
2015.1.00686.S,"[1, 10, 9, 5, 8, 4, 3, 6, 7]"
2019.2.00230.S,"[1, 10, 9, 5, 8, 4, 3, 7, 6]"
2022.1.01644.S,"[1, 10, 9, 5, 8, 4, 7, 6, 3]"
2023.1.01245.S,"[1, 10, 9, 5, 8, 4, 3, 7, 6]"
2015.1.00041.S,"[1, 10, 9, 5, 8, 4, 3, 7, 6]"
2021.1.00403.S,"[1, 10, 9, 5, 8, 4, 3, 6, 7]"
2021.1.00860.T,"[1, 10, 9, 5, 8, 4, 3, 7, 6]"
2018.1.00187.S,"[1, 10, 9, 5, 4, 6, 3, 7, 8]"
2021.1.00994.S,"[1, 10, 5, 9, 8, 4, 3, 7, 6]"
2021.1.00452.S,"[1, 10, 9, 8, 5, 4, 3, 7, 6]"
2019.1.00853.S,"[1, 10, 9, 5, 8, 4, 7, 6, 3]"
2018.1.01309.S,"[1, 10, 9, 5, 8, 4, 3, 6, 7]"
2015.1.00695.S,"[1, 10, 9, 5, 8, 4, 7, 3, 6]"
2016.1.01344.S,"[1, 10, 5, 9, 8, 4, 3, 7, 6]"
2015.1.00449.S,"[1, 10, 9, 5, 8, 4, 7, 3, 6]"
2015.1.01014.S,"[1, 10, 9, 5, 8, 4, 7, 6, 3]"
2015.1.00637.S,"[1, 10, 9, 5, 8, 4, 3, 7, 6]"
2016.2.00088.S,"[1, 10, 9, 5, 8, 4, 3, 7, 6]"
2019.1.01320.S,"[1, 10, 9, 5, 8, 4, 3, 7, 6]"
2015.1.01105.S,"[1, 10, 9, 5, 8, 4, 7, 3, 6]"
2021.1.00783.S,"[1, 10, 9, 5, 8, 4, 7, 3, 6]"
2017.1.01413.S,"[1, 10, 9, 5, 8, 4, 3, 7, 6]"
2012.1.00882.S,"[1, 10, 9, 5, 8, 4, 7, 3, 6]"
2015.1.00086.S,"[1, 10, 9, 5, 4, 8, 7, 3, 6]"
2021.1.00769.S,"[1, 10, 9, 5, 8, 4, 7, 3, 6]"
2022.1.01651.S,"[1, 10, 9, 5, 8, 4, 7, 3, 6]"
2015.1.00860.S,"[1, 10, 9, 5, 8, 4, 7, 3, 6]"
2016.1.00052.S,"[1, 10, 9, 5, 8, 4, 3, 7, 6]"
2018.1.00974.S,"[1, 10, 9, 5, 8, 4, 7, 6, 3]"
2017.1.01149.S,"[1, 10, 9, 8, 5, 4, 7, 6, 3]"
2022.1.00216.S,"[1, 10, 9, 5, 8, 4, 3, 7, 6]"
2022.1.00012.S,"[1, 10, 9, 5, 4, 8, 3, 6, 7]"
2015.1.00625.S,"[1, 10, 9, 5, 8, 4, 7, 6, 3]"
2022.1.00810.S,"[1, 10, 9, 5, 8, 4, 7, 3, 6]"
2016.1.00777.S,"[1, 10, 9, 5, 8, 4, 6, 3, 7]"
2018.1.00581.S,"[1, 10, 9, 5, 8, 4, 3, 6, 7]"
2013.1.00096.S,"[1, 10, 9, 5, 8, 4, 7, 3, 6]"
2015.1.00016.S,"[1, 10, 5, 9, 8, 4, 6, 3, 7]"
2015.1.00019.S,"[1, 10, 9, 5, 8, 4, 7, 6, 3]"
2019.1.01603.S,"[1, 10, 9, 5, 4, 8, 3, 7, 6]"
2023.1.01710.S,"[1, 10, 9, 5, 8, 4, 7, 3, 6]"
2017.1.00938.S,"[1, 10, 9, 5, 8, 4, 3, 7, 6]"
2013.1.00433.S,"[1, 10, 9, 5, 4, 8, 7, 3, 6]"
2017.1.01052.S,"[1, 10, 9, 5, 8, 4, 7, 6, 3]"
2018.1.00804.S,"[1, 10, 9, 5, 8, 4, 7, 6, 3]"
2019.2.00249.S,"[1, 10, 9, 3, 4, 8, 5, 6, 7]"
2015.1.00502.S,"[1, 10, 9, 5, 8, 4, 3, 7, 6]"
2021.1.00341.S,"[1, 10, 9, 5, 8, 4, 3, 7, 6]"
2017.1.01176.S,"[1, 10, 9, 5, 8, 4, 7, 6, 3]"
2023.1.01326.S,"[1, 10, 9, 5, 8, 4, 7, 6, 3]"
2022.1.00664.S,"[1, 10, 9, 5, 8, 4, 7, 3, 6]"
2016.1.01537.S,"[1, 10, 9, 5, 8, 4, 3, 7, 6]"
2022.1.01460.S,"[1, 10, 9, 5, 8, 4, 3, 7, 6]"
2016.1.01284.S,"[1, 10, 9, 5, 8, 4, 3, 7, 6]"
2012.1.00496.S,"[1, 10, 9, 5, 8, 4, 3, 7, 6]"
2021.1.01197.S,"[1, 10, 9, 5, 8, 4, 7, 3, 6]"
2016.1.00643.S,"[1, 10, 9, 5, 8, 4, 7, 3, 6]"
2015.1.01395.S,"[1, 10, 9, 5, 8, 4, 7, 3, 6]"
2016.1.00132.S,"[1, 10, 9, 5, 8, 4, 7, 6, 3]"
2015.1.01363.S,"[1, 10, 9, 5, 8, 4, 7, 3, 6]"
2022.1.01268.V,"[1, 10, 5, 9, 8, 4, 7, 3, 6]"
2017.1.01185.S,"[1, 10, 5, 9, 8, 4, 7, 6, 3]"
2016.1.00426.S,"[1, 10, 9, 8, 5, 4, 3, 6, 7]"
2017.1.00271.S,"[1, 10, 9, 5, 8, 4, 7, 6, 3]"
2019.1.01639.S,"[1, 10, 9, 5, 8, 4, 3, 7, 6]"
2012.1.00857.S,"[1, 10, 9, 5, 8, 4, 3, 7, 6]"
2013.1.00525.S,"[1, 10, 9, 5, 8, 4, 7, 3, 6]"
2018.1.01142.S,"[1, 10, 9, 5, 8, 4, 7, 6, 3]"
2018.1.00473.S,"[1, 10, 9, 5, 8, 4, 7, 6, 3]"
2019.2.00044.S,"[1, 10, 9, 5, 4, 8, 7, 3, 6]"
2019.1.01031.S,"[1, 10, 9, 5, 8, 4, 7, 3, 6]"
2019.1.00008.S,"[1, 10, 9, 5, 8, 4, 7, 3, 6]"
2013.1.00437.S,"[1, 10, 9, 5, 8, 4, 3, 7, 6]"
2022.1.01220.S,"[1, 10, 9, 5, 8, 4, 7, 3, 6]"
2017.1.01401.S,"[1, 10, 9, 5, 8, 4, 3, 7, 6]"
2018.1.01559.S,"[1, 10, 9, 5, 4, 8, 7, 3, 6]"
2013.1.01202.S,"[1, 10, 5, 9, 4, 8, 3, 7, 6]"
2022.1.00477.S,"[1, 10, 9, 5, 8, 4, 3, 7, 6]"
2021.1.00347.S,"[1, 10, 9, 5, 8, 4, 7, 3, 6]"
2013.1.01241.S,"[1, 10, 9, 5, 8, 4, 7, 3, 6]"
2018.1.00663.S,"[1, 10, 9, 5, 8, 4, 7, 6, 3]"
2012.1.00781.S,"[1, 10, 9, 5, 8, 4, 3, 7, 6]"
2021.1.00327.S,"[1, 10, 9, 5, 8, 4, 7, 6, 3]"
2019.2.00178.S,"[1, 10, 9, 8, 5, 4, 3, 6, 7]"
2015.1.00500.S,"[1, 10, 9, 5, 8, 4, 3, 7, 6]"
2012.1.00932.S,"[1, 10, 9, 5, 8, 4, 7, 3, 6]"
2013.1.00518.S,"[1, 10, 9, 5, 8, 4, 3, 7, 6]"
2022.1.01536.S,"[1, 10, 9, 5, 8, 4, 3, 7, 6]"
2013.1.00114.S,"[1, 10, 9, 8, 5, 4, 3, 6, 7]"
2019.1.00183.V,"[1, 10, 9, 5, 8, 4, 7, 3, 6]"
2016.1.01010.S,"[1, 10, 9, 5, 8, 4, 7, 3, 6]"
2015.1.01003.S,"[1, 10, 5, 9, 8, 4, 3, 7, 6]"
2016.1.01090.S,"[1, 10, 9, 5, 8, 4, 7, 6, 3]"
2021.1.00531.S,"[1, 10, 9, 5, 8, 4, 3, 7, 6]"
2013.1.00740.S,"[1, 10, 9, 5, 8, 4, 7, 6, 3]"
2019.2.00125.S,"[1, 10, 9, 5, 8, 4, 7, 3, 6]"
2016.1.00608.S,"[1, 10, 9, 5, 8, 4, 3, 7, 6]"
2021.1.00075.S,"[1, 10, 9, 5, 8, 4, 7, 6, 3]"
2023.1.00681.S,"[1, 10, 9, 5, 8, 4, 3, 7, 6]"
2019.1.00156.S,"[1, 10, 9, 5, 8, 4, 7, 6, 3]"
2021.1.00547.S,"[1, 10, 9, 5, 8, 4, 7, 6, 3]"
2016.1.01236.S,"[1, 10, 5, 9, 8, 4, 7, 3, 6]"
2011.0.00064.S,"[1, 10, 9, 5, 8, 4, 7, 6, 3]"
2015.1.01289.S,"[1, 10, 9, 5, 8, 4, 7, 6, 3]"
2021.2.00056.S,"[1, 10, 9, 5, 8, 4, 7, 6, 3]"
2019.1.00327.S,"[1, 10, 9, 5, 8, 4, 3, 6, 7]"
2013.1.00803.S,"[1, 10, 9, 5, 8, 4, 7, 3, 6]"
2016.1.00694.S,"[1, 10, 9, 5, 8, 4, 7, 6, 3]"
2019.1.01701.S,"[1, 10, 9, 5, 8, 4, 3, 7, 6]"
2019.1.00171.S,"[1, 10, 9, 8, 5, 4, 3, 7, 6]"
2022.1.01626.S,"[1, 10, 9, 5, 8, 4, 7, 3, 6]"
2012.1.00698.S,"[1, 10, 9, 8, 5, 4, 3, 7, 6]"
2019.1.01710.S,"[1, 10, 9, 5, 8, 4, 3, 7, 6]"
2016.1.00938.T,"[1, 10, 9, 5, 8, 4, 3, 7, 6]"
2013.1.00149.S,"[1, 10, 9, 5, 8, 4, 7, 3, 6]"
2012.1.00952.S,"[1, 10, 9, 5, 8, 4, 7, 6, 3]"
2015.1.01133.S,"[1, 10, 9, 5, 4, 8, 7, 6, 3]"
2022.1.01660.S,"[1, 10, 9, 5, 8, 4, 3, 7, 6]"
2012.1.00039.S,"[1, 10, 9, 5, 8, 4, 7, 6, 3]"
2018.1.01208.S,"[1, 10, 9, 5, 8, 4, 3, 7, 6]"
2021.1.01705.S,"[1, 10, 9, 5, 8, 4, 3, 7, 6]"
2019.1.00837.S,"[1, 10, 9, 5, 8, 4, 3, 6, 7]"
2015.1.01471.S,"[1, 10, 9, 5, 8, 4, 3, 6, 7]"
2016.1.01223.S,"[1, 10, 9, 5, 8, 4, 7, 3, 6]"
2016.1.00583.S,"[1, 10, 9, 5, 8, 4, 3, 7, 6]"
2022.1.01742.S,"[1, 10, 5, 9, 8, 4, 3, 6, 7]"
2021.2.00079.S,"[1, 10, 9, 5, 8, 4, 7, 6, 3]"
2022.1.01270.S,"[1, 10, 9, 5, 8, 4, 7, 3, 6]"
2017.1.01056.S,"[1, 10, 9, 8, 5, 4, 3, 7, 6]"
2012.1.00105.S,"[1, 10, 9, 5, 4, 8, 7, 6, 3]"
2019.1.01615.S,"[1, 10, 9, 5, 8, 4, 7, 6, 3]"
2022.1.00834.S,"[1, 10, 9, 5, 8, 4, 3, 7, 6]"
2019.1.00097.S,"[1, 10, 9, 5, 8, 4, 3, 7, 6]"
2022.1.00887.S,"[1, 10, 5, 9, 8, 4, 3, 6, 7]"
2016.1.00620.S,"[1, 10, 9, 5, 8, 4, 7, 3, 6]"
2018.A.00022.S,"[1, 10, 9, 5, 8, 4, 7, 3, 6]"
2015.1.01599.S,"[1, 10, 8, 9, 5, 4, 3, 6, 7]"
2021.1.00869.L,"[1, 10, 9, 5, 8, 4, 7, 6, 3]"
2015.1.00942.S,"[1, 10, 9, 5, 8, 4, 7, 6, 3]"
2012.1.00919.S,"[1, 10, 9, 5, 8, 4, 7, 6, 3]"
2016.1.00595.S,"[1, 10, 9, 5, 8, 4, 7, 3, 6]"
2016.1.01019.S,"[1, 10, 9, 8, 5, 4, 3, 7, 6]"
2016.1.00074.S,"[1, 10, 9, 8, 5, 4, 7, 3, 6]"
2019.2.00133.S,"[1, 10, 9, 5, 8, 4, 7, 6, 3]"
2023.1.00991.S,"[1, 10, 9, 5, 8, 4, 7, 6, 3]"
2018.A.00055.S,"[1, 10, 9, 5, 8, 4, 7, 3, 6]"
2019.1.00711.S,"[1, 10, 9, 5, 8, 4, 3, 7, 6]"
2019.1.00475.S,"[1, 10, 9, 5, 8, 4, 3, 7, 6]"
2021.1.00739.S,"[1, 10, 9, 5, 4, 8, 7, 3, 6]"
2023.1.01643.S,"[1, 10, 9, 5, 8, 4, 7, 3, 6]"
2017.A.00042.T,"[1, 10, 9, 8, 5, 4, 3, 7, 6]"
2016.1.01239.S,"[1, 10, 9, 5, 8, 4, 7, 3, 6]"
2018.1.00876.S,"[1, 10, 9, 5, 8, 4, 7, 3, 6]"
2021.2.00159.S,"[1, 10, 9, 5, 8, 4, 7, 6, 3]"
2022.1.01635.S,"[1, 10, 9, 5, 8, 4, 3, 7, 6]"
2018.1.00486.S,"[1, 10, 9, 5, 8, 4, 7, 6, 3]"
2013.1.01058.S,"[1, 10, 5, 9, 8, 4, 3, 7, 6]"
2016.1.00004.S,"[1, 10, 9, 5, 8, 4, 3, 6, 7]"
2017.1.00935.S,"[1, 10, 9, 5, 8, 4, 7, 6, 3]"
2018.1.00216.S,"[1, 10, 9, 5, 8, 4, 7, 6, 3]"
2017.1.00561.S,"[1, 10, 9, 5, 8, 4, 3, 6, 7]"
